,M_CE1939,M_CE1940,M_CE1941,M_CE1944,M_urea,M_ametam,M_pyr,M_CE1556,M_ac,M_spmd,M_N1aspmd,M_sprm,M_CE1059,M_nadh,M_crtn,M_ptrc,M_1pyr5c,M_glu_L,M_HC00591,M_gly,M_glu5sa,M_5oxpro,M_ahcys,M_amet,M_n8aspmd,M_pcreat,M_coa,M_creat,M_5mta,M_13dampp,M_4abutn,M_CE4788,M_gln_L,M_gthrd,M_C03413,M_orn,M_asn_L,M_gudac,M_N1sprm,M_ala_L,M_adp,M_lys_L,M_acorn,M_2obut,M_nad,M_arg_L,M_akg,M_accoa,M_CE2072,M_CE5588,M_CE5586,M_atp
M_CE1939,0.0,0.028254060391133356,0.025786250228295178,0.01986619006847609,0.0018094228765743587,0.01692429921389929,0.0030269505358360175,0.00418440396220179,0.003988397814459584,0.04629629646784006,0.012043753042088635,0.01937633855755959,0.007818154617714228,0.0013102826004917365,0.0012237052700045299,0.016519608402629626,0.0010209046606693994,0.0008585378102187189,0.0003007670761702611,0.0013200821778063675,0.0015542044712927722,0.0004462892622465322,0.004052883592335558,0.005168118484330251,0.01921307425283159,0.0015791865071387154,0.0054801909233314836,0.0018742379050000445,0.013483470217219393,0.02658496083733399,0.02075187286742378,0.009876850162080624,0.00032515865569111515,0.0007074388954211063,0.009496481505140915,0.0045141638095651535,0.003270194073138537,0.0015541686202527752,0.014229010384214015,0.0023882167912742235,0.001876896099103477,0.025786250228295175,0.00362023620942392,0.00024147011306468164,0.0017972402452478859,0.002360702200359171,0.00032842330934457784,0.008862958890005941,0.21753465014958503,0.028254060391133366,0.025188214263419467,0.002140157954900405
M_CE1940,0.028254060391133366,0.0,0.2175346501495851,0.01986619006847609,0.0018094228765743587,0.01692429921389929,0.0030269505358360175,0.00418440396220179,0.003988397814459584,0.04629629646784005,0.012043753042088635,0.01937633855755959,0.007818154617714228,0.0013102826004917365,0.0012237052700045299,0.016519608402629626,0.0010209046606693994,0.0008585378102187189,0.0003007670761702611,0.0013200821778063675,0.0015542044712927722,0.0004462892622465322,0.004052883592335558,0.005168118484330251,0.01921307425283159,0.0015791865071387154,0.0054801909233314836,0.0018742379050000445,0.013483470217219393,0.02658496083733399,0.02075187286742378,0.009876850162080624,0.00032515865569111515,0.0007074388954211063,0.009496481505140915,0.0045141638095651535,0.003270194073138537,0.0015541686202527752,0.014229010384214015,0.0023882167912742235,0.001876896099103477,0.025786250228295175,0.00362023620942392,0.00024147011306468164,0.0017972402452478859,0.002360702200359171,0.00032842330934457784,0.008862958890005941,0.025786250228295175,0.028254060391133366,0.025188214263419467,0.002140157954900405
M_CE1941,0.011301624176155756,0.16666666666666669,0.0,0.007946476050001863,0.0007237691561659955,0.006769719686034613,0.0012107802086240825,0.0016737615993652408,0.0015953591342592315,0.037037036865493145,0.004817501243786039,0.007750535411108886,0.0031272618645493038,0.0005241130475328043,0.0004894821135285179,0.006607843373175375,0.0004083618602645315,0.00034341512413508146,0.00012030683226147078,0.0005280328650650611,0.0006216817841565563,0.00017851569607921678,0.0016211534428161511,0.0020672473937068518,0.007685229710954787,0.0006316746080002838,0.002192076368454858,0.0007496951620879874,0.005393388093444636,0.010633984361095654,0.008300749175460417,0.003950740080525059,0.00013006345289086427,0.00028297556241695766,0.0037985926302079713,0.0018056655189078415,0.0013080776391455639,0.0006216674532773906,0.005691604163735271,0.0009552867207543427,0.0007507584322249193,0.010314500099909071,0.0014480944898056275,9.658804712124067e-05,0.0007188960903254107,0.0009442808849696234,0.00013136932207756722,0.0035451835626367834,0.010314500099909071,0.011301624176155753,0.010075285732772964,0.0008560631819513453
M_CE1944,0.01946300670297657,0.01946300670297657,0.017763038429342147,0.0,0.0032723962998147224,0.011747209672815308,0.0026158932622139,0.003824939712631986,0.004386463444307123,0.04876642373718023,0.012140162914565017,0.013551876073394843,0.007331648064460693,0.0009278428028027849,0.0010200526277927432,0.040505109539757285,0.001949768212747379,0.0015705869911843253,0.0005451352270662397,0.0014183212536839841,0.002998279262121196,0.0008088916821675815,0.0028699448882474866,0.0036754792940424013,0.013642937369697686,0.0013163736260572059,0.004570486078524604,0.0015843592044484725,0.009345577551273559,0.07393260182657063,0.0953290652496702,0.008423103847872565,0.0005893445266369394,0.0009304522300980123,0.008081341247590374,0.008568285771055804,0.002936200674155844,0.0020264299544434958,0.010623352207914943,0.002138382995066691,0.0013290755093836584,0.017763038429342147,0.005420247438024264,0.00043766050015717455,0.0012726692725687182,0.004216276742428591,0.0005952617045534835,0.007422894381236134,0.017763038429342147,0.01946300670297657,0.09415410749027694,0.0015154976033607483
M_urea,0.0008937320895758383,0.0008937320895758382,0.000815670373576869,0.0016275300108016598,0.0,0.0017775794830927217,0.005133052132381212,0.0027737782202732625,0.006701911756086826,0.0015972948403141969,0.0018945614019253306,0.00107392753220791,0.0013567613848634295,0.001079043038065379,0.008473479575178558,0.007679598426352439,0.0069442682217090755,0.006464264028517502,0.002310510647604245,0.014680302676857845,0.010300734038864659,0.003428420512853011,0.0033376278705126387,0.0050248861093031,0.0011485428005699883,0.010934989775610197,0.0012279765647482874,0.014049767821517248,0.001261241538258164,0.0009809821778571238,0.0026931327321835456,0.001086219428292082,0.002497888079636864,0.008614017774323425,0.001155888059993233,0.0368219454250603,0.0018770325476406703,0.046425411508284095,0.001052064332573116,0.007679701115525993,0.001545660123695314,0.000815670373576869,0.013965490587349002,0.0018549879413635277,0.0014800619874131495,0.09090909090909072,0.00252296769226129,0.002301905437582771,0.000815670373576869,0.0008937320895758382,0.0012272156263916348,0.001762461373417901
M_ametam,0.03574185716454193,0.035741857164541924,0.03262003621164206,0.025282965563095346,0.006768717783196676,0.0,0.0069277336934425796,0.007577151800983479,0.007085652454662625,0.04552772983406085,0.01920883534089024,0.112694476634399,0.012686175259020575,0.03202955288520852,0.02640277125515415,0.02190897707278906,0.0019116736926813548,0.0019802220710122115,0.000721119595277231,0.006888611121525213,0.0027485451526570656,0.0010700239266774,0.09907179486480827,0.09447895475799797,0.025880113445223604,0.03407266537075129,0.010004502997479823,0.039934796867094176,0.2506712580325802,0.033651710819398196,0.026561121162486954,0.021135781978731758,0.0007796009944012719,0.003593268868366469,0.020011025470072726,0.007745931393637906,0.005931477527427486,0.016978216739732745,0.04219144549539465,0.006608079195116211,0.04588028758512401,0.03262003621164206,0.006166321045768188,0.0005789490975441744,0.04393311876850021,0.009590642711761355,0.0007874282460128853,0.015616064174929369,0.03262003621164206,0.03574185716454193,0.031928957161335404,0.0523156623813382
M_pyr,0.003935861516305541,0.00393586151630554,0.0035920893634220456,0.003397443164821471,0.007680844509101269,0.004174898088720626,0.0,0.02690792695547443,0.022017988245222275,0.0067816965571879505,0.019070738824379565,0.006637784288422544,0.025210067693807802,0.0007688813163928185,0.004401329304730221,0.00646026062521891,0.004480106922464755,0.008267843916829038,0.0032273663849284972,0.08544057925401924,0.0048667535218346325,0.0047888848382806005,0.0023782552931707404,0.003411992427450386,0.0214586107704561,0.00567989697419814,0.03739132914477433,0.0072698484181636614,0.0030562609996346865,0.003791663500346766,0.004175108825577775,0.014032908081921066,0.0034890989440153303,0.0305053789518867,0.018758962775769203,0.007778136758323839,0.02128910237710497,0.022316294594847724,0.015582933185253035,0.11202559185392484,0.0011013733996310055,0.0035920893634220456,0.012935721297179893,0.0025910833497159213,0.0010546308903205226,0.011067831329482658,0.003524130521921521,0.0388726959710006,0.0035920893634220456,0.003935861516305541,0.0037802250666806314,0.0012558569474348203
M_CE1556,0.00609140416561682,0.006091404165616817,0.00555935918767878,0.005554205866627993,0.0070786168397066595,0.0056239103820609725,0.02991659753019236,0.0,0.12384566888263006,0.010516887917489663,0.02908777712189506,0.00991011855329016,0.0381041786313882,0.000505372228861563,0.0012551398804026576,0.012138213835700948,0.004307209004349414,0.003834877518138209,0.0013590938035284797,0.009681435999787122,0.006464870849152001,0.0020166733288982993,0.0015631855560255471,0.0020739803426697307,0.032395020883299805,0.0016197527371641387,0.05627847128719339,0.002034806600058895,0.004168034864937616,0.005909737182877841,0.007065266655996544,0.021285087334463514,0.001469313418540774,0.0042797427068216555,0.02837598567855513,0.02747893766448257,0.2531585349138098,0.005248461040437717,0.023539535274233317,0.022651641945163586,0.0007239134371927223,0.00555935918767878,0.07879739169788175,0.00109114518854702,0.0006931904009534691,0.009177306354672536,0.0014840657472607183,0.07531318009088979,0.00555935918767878,0.00609140416561682,0.005978100045066929,0.0008254527765114435
M_ac,0.006238695209114865,0.0062386952091148615,0.0056937853260425175,0.0064365460207294715,0.015560099586561797,0.00567249797904164,0.028127421510079423,0.13734629659614056,0.0,0.010822196767447844,0.027962507059150474,0.009617149853377686,0.035640994952792354,0.0005873336290636512,0.0019345125152334841,0.017853960891901475,0.009529936327983303,0.00787343088171022,0.0027479010762662104,0.010686759081149973,0.01456932469143029,0.004077436545899521,0.0018167033615688485,0.0024593394919548922,0.030265349178085023,0.0024964802647287226,0.05195855192845425,0.0031618759513102417,0.004216705601714835,0.006157488042371083,0.008760980856385572,0.02017636000042222,0.002970749970854934,0.005746236816387335,0.02665115906468676,0.06545362120878624,0.1346696025530179,0.008992234587860479,0.022140027428675504,0.021726374303276917,0.0008413178704929379,0.0056937853260425175,0.13071422803863467,0.0022061457819671556,0.0008056121628695512,0.020003234598272156,0.0030005772077478423,0.06705679656281105,0.0056937853260425175,0.006238695209114864,0.006444936511401331,0.0009593248978776749
M_spmd,0.26417546421695154,0.2641754642169515,0.2630197522592322,0.2026351380716787,0.018456113462312376,0.1582421976587623,0.030874895392395782,0.04268092012055139,0.04068165774380599,0.0,0.11260908979876995,0.1811687652847372,0.0797451766909943,0.013364882648579244,0.012481793856629685,0.15445833852055044,0.010413227571457935,0.008757085665078098,0.0030678244062816514,0.013464838151884435,0.015852885651153312,0.0045521505307884345,0.04133941274229539,0.05271480854026244,0.17964224418257163,0.016107702492361757,0.055897947112465554,0.019117226632494905,0.1375313963015161,0.2485693829783512,0.19403001052708527,0.10074387132517802,0.0033166183439058902,0.007215876870565969,0.09686411008798541,0.04604447080237974,0.03335597945394224,0.015852520025507928,0.13304124700073358,0.024359811361222315,0.01914434009028059,0.2630197522592322,0.036926409410367234,0.002462995417665272,0.018331850369477362,0.024079162565334728,0.0033499181326292074,0.09040218071064055,0.2630197522592322,0.26417546421695154,0.23550980255612253,0.021829611139759692
M_N1aspmd,0.040843310166972825,0.04084331016697281,0.037275910054597114,0.04116272918534108,0.01208464255214134,0.030453978148264012,0.03936449415078504,0.05428470808034823,0.047476216622656074,0.05324961796703743,0.0,0.046004169366268784,0.15989134480011072,0.002395081310612936,0.003253016988373234,0.08649607065592628,0.007253172309316723,0.0063011013466471,0.002222249061855941,0.01343059548345894,0.0109546106921014,0.0032974548163102295,0.007408314599129554,0.00955151588553454,0.061464197155628286,0.004198004743613146,0.07362288054985448,0.005128224748407789,0.023306873269074043,0.04017487821436866,0.055366838869889315,0.1389566869868919,0.0024024687161473567,0.006252919197542287,0.1308810907765576,0.03276830077068325,0.04273017254896616,0.008883031940800474,0.09566967624711947,0.029998180615982393,0.003430800906784224,0.03727591005459711,0.03480828071825876,0.0017841273029354217,0.0032851970105499412,0.015663193606368437,0.002426590178114245,0.09862984308356408,0.03727591005459711,0.040843310166972825,0.04177308267940065,0.003912020428188924
M_sprm,0.03259166512505971,0.032591665125059704,0.029744993128290327,0.023241691378105105,0.0034570687790406772,0.08302042878198969,0.008367890499201797,0.011053823050984837,0.009687647055084781,0.03886622273977026,0.025257377548716216,0.0,0.016938043208047128,0.007917177663029006,0.006730509701331766,0.02116542796148767,0.0015675937671880786,0.0014478111958823679,0.0005167294870489754,0.003880283361507881,0.002330240442397883,0.0007667421669387993,0.024488915000660267,0.03115921440107458,0.02660241920047024,0.008685694476820811,0.014979614247818029,0.010213257286780901,0.08234655256105469,0.030711964365077404,0.024601495600942075,0.0365558129014556,0.0005586351073900444,0.0018749469846304856,0.03419183098755127,0.006891863806741226,0.008699561302368694,0.005411164088669642,0.05811401619321151,0.006678719614435412,0.01134085092690642,0.029744993128290324,0.007145515261128317,0.00041485501980803444,0.010859542888032038,0.004676217183253709,0.0005642439771862405,0.022430695033847422,0.029744993128290324,0.03259166512505971,0.02919543372233843,0.0129315695657004
M_CE1059,0.008574027233365361,0.008574027233365358,0.007825141148155492,0.00814126021922597,0.0030304377025688655,0.0069720071287254085,0.021282343536195875,0.029012159625022568,0.02387855039051891,0.01390730489841861,0.048759049384502526,0.011365275877120691,0.0,0.0005602813668724179,0.0009052423049730912,0.018627043292547794,0.0018141110420708652,0.001757335592102937,0.0006326800520734279,0.0065570066241232875,0.0026611599082656517,0.0009387939130002006,0.0017330270259224428,0.0022492427897098143,0.02560854960112391,0.0011682113873159802,0.040233167627669486,0.001441310904846065,0.005261982373993257,0.00836364684564704,0.010603993369830887,0.03359697594655846,0.0006839890560473786,0.0026681236768807217,0.036156440805483574,0.008531572076897954,0.022943997244070844,0.002915264388567925,0.02536971726638982,0.016025349269451275,0.000802567253896384,0.007825141148155492,0.014342694347265999,0.000507945653290442,0.000768506134552667,0.00397371092125391,0.0006908564952975273,0.04017101879617082,0.007825141148155492,0.00857402723336536,0.008553866631906597,0.0009151389351696078
M_nadh,0.0005278425635334644,0.0005278425635334643,0.00048173894570056983,0.00038129440904428234,0.0008800573193742221,0.007171155875699955,0.0003809545917405864,0.00014239756115258135,0.00016350303922807284,0.000897133675833341,0.0003014616397488965,0.00219437400657115,0.00020503863776541453,0.0,0.004869590402974442,0.0003800977863442261,0.0001229304554129836,0.00017272673510725767,6.560998168752556e-05,0.0009599092017079088,0.0001570414650496047,9.735465837453191e-05,0.018414438179409676,0.03306878320601812,0.00039363040543405234,0.006284185981072714,0.00017003462072127807,0.007359206055519813,0.004867600836011034,0.0004980837303391123,0.00040838579263202305,0.00032119093896807165,7.093094121264397e-05,0.0005074224964995532,0.00030730558502727913,0.0003982866216632006,0.000109296589838987,0.0029294869491468946,0.0006275169073528752,0.0005344475748725812,0.0720735155459807,0.00048173894570056983,0.00020236066202277008,5.2674792967377414e-05,0.16666666666666674,0.0012961073306951181,7.16429670303126e-05,0.0002762547875384026,0.00048173894570056983,0.0005278425635334644,0.00047494121552474626,0.20202020228369305
M_crtn,0.0005031216872259948,0.0005031216872259947,0.0004591772804496932,0.00042645629489193284,0.007053274483508051,0.006027058017401386,0.002582862818039924,0.0003786740119758242,0.0006247455212928178,0.0008602999772785284,0.00042899856949755777,0.001894959775246375,0.0003363338811962932,0.004969917688477889,0.0,0.0008127226947393499,0.000871564430221109,0.0013076535750858869,0.0005003654720825357,0.007751400035421848,0.0010773591187271314,0.0007424607766851453,0.015372636351690984,0.023277788021235542,0.00046623312623350225,0.1666666666666664,0.0003396081312248149,0.1481481478670904,0.004095155124173985,0.00048358998417918355,0.0005177243259756313,0.000378272545860564,0.0005409441396401498,0.004103173228876623,0.00038674781127778806,0.0026411959297864733,0.0002770412391562212,0.02413186364174347,0.0006333829802039234,0.003989537412672774,0.007119089589019009,0.00045917728044969327,0.0010794892066284239,0.000401717202364813,0.006816953982442565,0.010432204590058284,0.0005463752937342177,0.0006268467322834509,0.0004591772804496932,0.0005031216872259948,0.0004798491749245876,0.008117644948806738
M_ptrc,0.03581990621673208,0.035819906216732075,0.032691268169721996,0.07439226613949637,0.03169308655900457,0.02274469289852738,0.011539426215374134,0.018981465283165674,0.028840657193999315,0.048521416920742404,0.05328455105017555,0.027530279631547333,0.0381513131338644,0.002027490948731909,0.004121243588925839,0.0,0.019382643371122842,0.015297467025750137,0.005285360291455471,0.009059384887033568,0.029942958871936237,0.007842611775202239,0.006271307274432698,0.008226403791252102,0.03027671672410747,0.005318447529677861,0.01849014079122707,0.006631924023717184,0.01792693111438968,0.04060110738188086,0.09496182769160957,0.03602060768859523,0.005713991733666985,0.007327192712552475,0.034381217664767344,0.06370111400452416,0.01406435219321868,0.015840577741513987,0.029961625325303887,0.010185278862987826,0.002904251229435826,0.03269126816972199,0.04705554373296827,0.004243338818757841,0.0027809942120506446,0.0405781553938961,0.005771361909458786,0.0303559805385773,0.03269126816972199,0.03581990621673208,0.0531331566646411,0.0033116145201206107
M_1pyr5c,0.0009564879662194949,0.0009564879662194948,0.0008729450418251078,0.0018339135129096544,0.01325730707048213,0.0009155456769398243,0.006112910929198686,0.003214364109535452,0.007780966594260034,0.0017168129650401973,0.0021628475667792523,0.0008987832508054235,0.0015545457551264658,0.00029750841253205716,0.0020803437386987802,0.008878683372839627,0.0,0.08667636669078466,0.05295893201285199,0.02204511921964667,0.10505804946437673,0.07858240858447875,0.0009202342558599576,0.0013590812243099814,0.0012805810373261995,0.002684674849295127,0.001414420250368263,0.003445022068432189,0.0006851452876446867,0.0010627743880304097,0.0030699882060231994,0.0012171991090077646,0.057253788188619634,0.04405577927476206,0.0013021155562992794,0.038999383247461716,0.0021741390531377497,0.011016708485937903,0.0011286503029170332,0.009167282796642513,0.0004261617581162395,0.0008729450418251078,0.016225162760804275,0.042517951570064424,0.0004080753496573295,0.01726677569996579,0.05782863367800606,0.0026608335106267926,0.0008729450418251078,0.0009564879662194949,0.001353069136178624,0.0004859371363993801
M_glu_L,0.001820078519491512,0.001820078519491512,0.0016611068489223713,0.003321635478598885,0.02830744344718745,0.002252312427415015,0.027930162314008265,0.006393348328992097,0.014206011890411006,0.0032548805113332803,0.004345393124096374,0.001922897172329136,0.0034576527439667123,0.000985577619153974,0.0073646319229924975,0.015680630296134954,0.25936827039166815,0.0,0.27319335159917735,0.1079273623579488,0.23994614299375921,0.33781194196221903,0.003048526757515481,0.0045510302283224184,0.0028852455893886384,0.009504026559449008,0.003566023821870464,0.012204801658751497,0.001646235149214411,0.00199876913838571,0.005499187070285513,0.0025530048803162945,0.2461239572567142,0.18709574064982828,0.0028376134536059485,0.0683543675403091,0.00441535365537335,0.03892016924173799,0.002466855612964025,0.043189319391929853,0.001411777095553828,0.0016611068489223713,0.028651380631437986,0.2193326270606195,0.0013518609633343327,0.037896670906394,0.24859511646721577,0.0069210149215080344,0.0016611068489223713,0.0018200785194915122,0.0025023097063292506,0.0016097992337935714
M_HC00591,0.0002545888995244464,0.00025458889952444634,0.00023235238785936644,0.00046462378238448614,0.0039595910559691765,0.0003150491468730163,0.003906817732206039,0.000894289241581881,0.0019871097530772385,0.0004552864621805542,0.0006078249521548494,0.0002689711757095185,0.0004836496932102129,0.00013786069232519957,0.0010301506189495427,0.002193376530950868,0.043535925386243186,0.12006511981417603,0.0,0.015096673103926688,0.04027584934084538,0.05670298632385496,0.0004264220781914393,0.0006365894067460799,0.0004035825667981962,0.0013294050498366405,0.000498808556925411,0.0017071843192260822,0.00023027220274482687,0.00027958368249154074,0.0007692154816106762,0.0003571093044216889,0.1555255038616427,0.03140471337101852,0.0003969196197824386,0.009561278257476477,0.0006176111662072632,0.005444078853647958,0.0003450589760064049,0.006041239401236212,0.00019747669236118887,0.0002323523878593665,0.004007700330976666,0.1520521768342665,0.00018909573193593533,0.005300913855009898,0.1570870270639272,0.0009680982967918811,0.00023235238785936644,0.0002545888995244464,0.0003500179886712241,0.00022517563875484485
M_gly,0.001667542100971015,0.0016675421009710145,0.0015218931509970324,0.0018839621444390981,0.04718210030124335,0.005582228343641274,0.138004358339277,0.007766813564891854,0.00887551839707229,0.0028993039150801963,0.0055659803526743115,0.003228301569669893,0.006613453390624377,0.0037961542794642607,0.030240092963512596,0.005990127690314513,0.027340016253337603,0.056510626353134405,0.02226194612510766,0.0,0.027070573099384355,0.033033093537275064,0.011742025384169399,0.01772218406810427,0.005736653875950902,0.03902471290235578,0.009299371182685366,0.05014804749596719,0.0038705622810753784,0.001668759025123424,0.0026750930926121067,0.003972532320133958,0.024067342517428907,0.14868823256941083,0.005081835806643583,0.022229714617700538,0.005964422867039514,0.10634267082411875,0.0044615948942807555,0.14476355583181338,0.005437748562965325,0.0015218931509970327,0.01091639667353557,0.017872950031836927,0.00520696941040821,0.06948462392753568,0.024308985860975754,0.01915490043349735,0.0015218931509970327,0.001667542100971015,0.0017931264166676701,0.006200471478923376
M_glu5sa,0.0026767907375448504,0.00267679073754485,0.0024429904812802955,0.005216358098192842,0.03556117971757668,0.002307140033095061,0.008958334927246223,0.00885719127405849,0.022075618727154057,0.0048106083639159955,0.005937982140922763,0.002408988669583036,0.004100720263987915,0.0006228676593377678,0.0041189729992114395,0.025454747474424194,0.15779342144251557,0.12053707057241908,0.061999319108275386,0.02870551592335501,0.0,0.09199686706140428,0.0019266150210851883,0.0028210394784737676,0.003359556083717454,0.005315517346349982,0.0035210641680455683,0.006816431927156068,0.0017461771995893746,0.002986019655845297,0.008762862464888792,0.00328799427515409,0.0670273313870334,0.0529517278204311,0.0034641269855407407,0.07471366896174733,0.005945344601231279,0.021852572193438707,0.002999010818704803,0.012782650704524848,0.0008922181289849844,0.0024429904812802955,0.046518669977794413,0.049776004664565256,0.0008543521934308476,0.04580207335497798,0.06770030620321922,0.006517618088990948,0.0024429904812802955,0.0026767907375448504,0.003822854672632379,0.0010173646448194563
M_5oxpro,0.0002426771204227968,0.00024267712042279672,0.00022148091661646543,0.00044288470897798195,0.0037743258095919727,0.00030030833191750607,0.0037240216157572404,0.0008524464426297849,0.0018941349300283011,0.0004339840680265948,0.0005793856973524895,0.0002563862767214262,0.00046102036525563127,0.0001314103668081454,0.0009819509366123858,0.0020907507109380967,0.041498923179637597,0.03846153846153847,0.036425780240673424,0.014390314978254463,0.038391382797710025,0.0,0.0004064702477001035,0.0006068040300923354,0.0003846994187643067,0.0012672035549496402,0.00047546981294710846,0.0016273068878640464,0.00021949803233620207,0.00026650251142247127,0.0007332249109862934,0.0003404006464812364,0.03937983314317722,0.029935318514431743,0.0003783483940765987,0.00911391565459153,0.0005887138286071948,0.005189355901531504,0.0003289140876310714,0.005758575940087987,0.0001882369278907508,0.00022148091661646546,0.003820184095473944,0.029244350317754273,0.00018024810353278576,0.005052889476706865,0.03977521867067454,0.0009228020133570345,0.00022148091661646546,0.00024267712042279682,0.0003336412552793133,0.00021463989778618185
M_ahcys,0.0021192882730578892,0.002119288273057889,0.0019341821115257632,0.0015308974787811836,0.003533430393608381,0.028792191067252993,0.0015295324529236926,0.0005717266954780112,0.000656465021472648,0.003601991706176374,0.001210368943396542,0.008810411391252628,0.0008232305772097018,0.023902584900028025,0.01955140570144964,0.0015260929249566694,0.0004935657215464005,0.0006934978432800599,0.0002634243367380451,0.0038540352128949174,0.0006305214308834836,0.0003908788080915141,0.0,0.062499999999999924,0.0015804263671486626,0.025231006909094512,0.0006826888746968151,0.02954721231679363,0.01954341761328733,0.001999806570269036,0.0016396694176922886,0.0012895819989552175,0.00028478757210619743,0.0020373015558899734,0.0012338323817804705,0.0015991206168317264,0.0004388261600032646,0.011761890329843143,0.002519480704817323,0.0021458072250365944,0.034238925286544555,0.0019341821115257632,0.0008124783388774461,0.00021148958053792148,0.03278581826984032,0.005203871151297515,0.00028764683625004243,0.0011091632034884817,0.0019341821115257632,0.0021192882730578897,0.0019068893341744162,0.03904143044011115
M_amet,0.010596441777468428,0.010596441777468425,0.009670910901192698,0.007654487755552262,0.017667152381033235,0.10797071691069704,0.007647661855166191,0.0028586338732904774,0.0032823255343081836,0.018009958525574105,0.0060518446729502726,0.04405205652787522,0.004116153257374326,0.11951292495810599,0.0977570288868971,0.0076304650517958475,0.002467828455106923,0.0034674892196058875,0.0013171220432856335,0.019270175653132243,0.0031526070070265737,0.0019543937031349444,0.27725238602421154,0.0,0.007902132209199315,0.12615503491206756,0.003413443992074236,0.11080204619303607,0.09771708849736326,0.009999033104162213,0.008198347388822877,0.00644791037201158,0.0014239374981447673,0.010186508148257636,0.006169161882018066,0.00799560275663181,0.0021941311868387565,0.058809452110305055,0.01259740395671099,0.01072903647469157,0.17119462595587676,0.009670910901192698,0.004062392077558502,0.0010574483052251955,0.16392909088462992,0.02601935615780979,0.001438234559628014,0.005545816383852918,0.009670910901192698,0.010596441777468426,0.009534446843586144,0.14640536415003963
M_n8aspmd,0.022341013573115444,0.022341013573115437,0.020389669953343265,0.01616190552802993,0.0026495595868050066,0.014420000175065232,0.018092070680593385,0.024619593217020216,0.020260498683577006,0.022054032690373156,0.023615468064520397,0.018407296844400567,0.02578736696677585,0.0011319293614810181,0.0013036262911682145,0.01602100568878017,0.001541236576080947,0.0015009944568462404,0.0005409017982551403,0.00566391644135936,0.002257404194722636,0.0008026099778407756,0.003501212589598009,0.004490027907656779,0.0,0.0016823242486191,0.03414331336795738,0.0020320293804582073,0.011323159018728213,0.021084769722370673,0.017333021676752238,0.018080164112087363,0.0005847677887244301,0.0023154595696555005,0.02167307362477567,0.0072320966997491305,0.019470372862219008,0.0027876947917745316,0.022289487483148487,0.013649579273671181,0.0016214164798112841,0.02038966995334326,0.012163350873150862,0.00043426170058737454,0.001552603232334962,0.0034905626044620516,0.0005906390068556355,0.030417055946328063,0.02038966995334326,0.022341013573115444,0.02011210791148232,0.0018488436207380696
M_pcreat,0.0012578044546759511,0.0012578044546759507,0.0011479433888663924,0.0010661409442935278,0.017633186428543973,0.015067645267046494,0.006457156806383903,0.0009466852529880039,0.001561864040476214,0.002150749940833057,0.001072496437645034,0.004737399228479104,0.0008408349230232062,0.01242479448960834,0.26855704609156106,0.0020318069786895866,0.0021789109775147025,0.0032691339396035877,0.0012509138775484783,0.019378499849048325,0.0026933976972336147,0.001856151738071831,0.03843159109490113,0.05819447004856193,0.001165583022141533,0.0,0.0008490201211223727,0.18518518546624224,0.010237888041670548,0.001208975126497632,0.001294310992664735,0.0009456815772049436,0.0013523601300892865,0.010257933277907206,0.0009668695268504036,0.006602989619165277,0.0006926033137428719,0.0603296594011616,0.001583457684465047,0.009973843728790613,0.017797723699635646,0.0011479433888663924,0.0026987232245135563,0.0010042932336430824,0.017042384655834065,0.026080511710191392,0.0013659384328260156,0.001567117058895924,0.0011479433888663924,0.001257804454675951,0.0011996230476233843,0.02029411237162044
M_coa,0.0031282525317945006,0.0031282525317944993,0.002855019803757836,0.0026528963124292453,0.0014191520283649193,0.0029114767094694013,0.01603374431674513,0.02177419853873377,0.017548388171515505,0.00538736602370652,0.015425716051169198,0.005231386629749347,0.020471021847990004,0.0002409371912390897,0.00047150670583806433,0.004787671981163998,0.0008470214041448115,0.0009171887458847308,0.00033638017876832014,0.004766260560436841,0.001200545151069877,0.000499133274262008,0.0007452517452879943,0.0009757073383000238,0.017413323309259134,0.0006084774212426048,0.0,0.0007575476050363473,0.002154399270300151,0.003006996396725064,0.0032217481682020287,0.011363906019514541,0.0003636598973793233,0.0018344011174005403,0.015215466257567534,0.004162465309382732,0.017246640899445446,0.0017308601284486366,0.012613760429186183,0.012025591853924978,0.0003451271341474993,0.002855019803757836,0.00970159025026793,0.0002700620148201633,0.00033047986768414345,0.0018852851056402153,0.0003673111420920462,0.024390243902438994,0.002855019803757836,0.0031282525317945006,0.0029841222540329913,0.0003935362114111598
M_creat,0.0032074011088591295,0.003207401108859129,0.002927255363923823,0.002718659261597995,0.04496462501993075,0.038422495034386585,0.01646575025638804,0.00241404718829763,0.0039827529462194925,0.0054844123534910265,0.0027348662857823044,0.01208036839150259,0.0021441288643092547,0.03168322548859755,0.2570889225900481,0.005181107445439893,0.005556223157923874,0.008336291542772349,0.0031898300487354625,0.049415175022646154,0.006868164303508252,0.004733187271493194,0.09800055692155074,0.09893059908724505,0.002972236413731292,0.2211814494710695,0.0021650017354906607,0.0,0.026106614112747915,0.0030828865590426073,0.0033004929992985063,0.002411487791864752,0.003448518691382706,0.026157729519691204,0.0024655176752960183,0.01683762387760079,0.0017661381703462317,0.10256042063825323,0.004037816752691721,0.02543330117544298,0.04538419587394543,0.0029272553639238235,0.006881743898684454,0.002560947361548145,0.04345808131066787,0.06650530445085018,0.00348314264197264,0.003996148140197821,0.002927255363923823,0.0032074011088591304,0.0030590388396833585,0.05174998654825097
M_5mta,0.00714837147412678,0.0071483714741267775,0.006524007273624329,0.005056593149378954,0.0013537435922037421,0.06249999999999999,0.0013855467033494146,0.0015154303928043471,0.001417130527328951,0.01214072795489107,0.003841767068795378,0.030051860384334772,0.0025372350849136287,0.006405910618350036,0.005280554284543619,0.0043817954529654455,0.00038233472346513954,0.0003960444144774412,0.00014422394649077545,0.0013777221884788571,0.000549709015855214,0.00021400475214926044,0.019814359007687368,0.025194387935447756,0.0051760227224814485,0.006814533107691372,0.002000900566443061,0.007986959374008819,0.0,0.006730342193941028,0.005312224265670297,0.0042271564308354465,0.00015592016340886092,0.0007186538041425713,0.00400220509699657,0.001549186250423576,0.0011862955382083082,0.0033956433866610676,0.0084382891392492,0.0013216158686211181,0.009176057475871763,0.006524007273624329,0.001233264241183149,0.00011578984984219412,0.008786623714759492,0.0019181285766485885,0.0001574856746317867,0.003123212866017291,0.006524007273624329,0.007148371474126779,0.006385791455704135,0.010463132476223179
M_13dampp,0.02956591573465408,0.029565915734654072,0.026983523465072753,0.07013406300854262,0.0021353416198572573,0.01772070756144598,0.003230867917973137,0.0044912240789607635,0.004369286664868487,0.045788178134312435,0.013061906682733661,0.020300395205544317,0.008413521974145294,0.001374134309689023,0.0013016683840888531,0.02076429222758127,0.0012171430863007172,0.001015316992115398,0.00035508411064524116,0.0014421474406811176,0.0018565349696241565,0.0005268868626819424,0.004250385663278716,0.005421855051344946,0.020153852173866293,0.0016797975771203275,0.005829615248977281,0.0019962782433238443,0.01411637009985824,0.0,0.042773672091553784,0.010528796281056355,0.0003838806771511363,0.0007931965791251349,0.010121245271047689,0.005375541314779533,0.0035036439175185376,0.0017404586979311966,0.014987774454083919,0.002557998043304471,0.0019683595782959695,0.02698352346507275,0.004137749833625718,0.00028507841562537745,0.0018848219949182243,0.002779575766941094,0.0003877349277348764,0.009431795514652778,0.02698352346507275,0.029565915734654075,0.08379465232411602,0.0022444505181028296
M_4abutn,0.03416194499024908,0.03416194499024907,0.03117811916350497,0.12838746245645444,0.00887798339225819,0.02075634591875232,0.005412568906549262,0.008171663638054114,0.010234827336858755,0.049112280674077184,0.02725503083356316,0.02410271657073426,0.015879266992751825,0.0016676274853682873,0.0020643893566996375,0.07743537752301663,0.005350651136626089,0.004271533912666704,0.001479647767485297,0.0032768613532057427,0.008244762514838768,0.0021955557240106267,0.005158200257680206,0.006629793045098116,0.024577408787436517,0.002664085785161219,0.009252752411357246,0.0032346102619144226,0.016492376995862725,0.055771035570052564,0.0,0.017289621187857936,0.0015996440407762573,0.0023186778891211655,0.016566387445084846,0.023483909433957673,0.006211082681395293,0.005035522191023348,0.019917393013220635,0.004516396393571336,0.0023887697907799006,0.03117811916350497,0.014040968349954584,0.0011879316477128418,0.002287389910628481,0.011407419270079927,0.0016157049233852714,0.015067165917584129,0.031178119163504967,0.03416194499024908,0.10307790301459765,0.00272382935468928
M_CE4788,0.015461851367341253,0.015461851367341246,0.01411135819406022,0.013444988856965798,0.0034488109520332847,0.017185793899813853,0.016282276949455974,0.022259144997014275,0.0187774220265606,0.024688725629903447,0.07062145589270762,0.03489657587524042,0.04826904739808784,0.0012419686244898767,0.0014325919619049316,0.025589935071568516,0.0020272864339256694,0.00185193723504126,0.0006595949849998431,0.005311303245485691,0.003022450981510056,0.0009787312727695557,0.0038415790814337906,0.0049267511459707486,0.02466627824767105,0.0018487539004596537,0.03059750518865626,0.002233314977726547,0.012420980639699436,0.014909153300574473,0.016602085870766965,0.0,0.0007130867215888508,0.002300312289550299,0.09467299307126262,0.009299024558085197,0.017570700380128937,0.003082268010202624,0.07856852400919802,0.0123428523165058,0.001779040666034207,0.01411135819406022,0.012306582510735454,0.000529554239201322,0.001703537814122653,0.0045069098536740715,0.0007202463078587709,0.04663122710209189,0.01411135819406022,0.01546185136734125,0.014892787669195544,0.0020285768946906313
M_gln_L,0.0003445126612270855,0.0003445126612270854,0.0003144218760444822,0.0006287341963093379,0.005358162253258803,0.00042632799965861066,0.0052867486745302745,0.0012101621376164674,0.002688978845028267,0.0006160986527186521,0.0008225156129595963,0.00036397473160197896,0.0006544802448838538,0.00018655466571908144,0.0013940112014544735,0.0029681013290460915,0.05891329323247399,0.08648758661305855,0.1364257802406733,0.02042898421317431,0.0545017224470642,0.07673110518581372,0.0005770390955709102,0.0008614397923289408,0.0005461324550336595,0.0017989655925825677,0.0006749931959537181,0.0023101806156015673,0.0003116069286635441,0.0003783359345678228,0.0010409110660172033,0.00048324436391600906,0.0,0.04249720387857703,0.0005371161558962865,0.01293842693666216,0.0008357583056594162,0.007366987446752793,0.00046693768549023316,0.008175071728220976,0.00026722758221143936,0.00031442187604448224,0.005423264241309034,0.09006522110899255,0.00025588636422695164,0.0071732550463046475,0.16544484036817608,0.0013100413624546254,0.00031442187604448224,0.00034451266122708556,0.00047364840371901386,0.0003047101532150846
M_gthrd,0.0006873550362369462,0.0006873550362369461,0.0006273191169561003,0.0009452746273409634,0.01635621926103397,0.0017889025887081957,0.04052518377924249,0.0029235967524090236,0.004260939874971781,0.0012071317783336744,0.002063647093957368,0.0011172666609650717,0.0022246079627050853,0.001143718221729151,0.00904597576044353,0.003688118131100967,0.048789594135306494,0.05353103882287548,0.04236229924983423,0.081056981644921,0.04561020224503371,0.06285873559402957,0.00353767705357979,0.005332719780789055,0.0019144738163514087,0.01167379369462377,0.0029553020825816676,0.015000119553492447,0.0012516480120001606,0.0007115049162119962,0.0014465830714161317,0.0013997426229698355,0.04579779110600308,0.0,0.001733504566321624,0.015041839506239526,0.0021792266248808444,0.04772642423425473,0.0015186727601123778,0.0636639983182131,0.0016383031648671202,0.0006273191169561004,0.006731223242401148,0.0340104703807148,0.0015687732262292197,0.023582122574404847,0.0462576149479541,0.006030775528335158,0.0006273191169561003,0.0006873550362369462,0.0008118082904624178,0.001868098958746269
M_C03413,0.018927720218442037,0.01892772021844203,0.01727450570664957,0.01640267960830608,0.0048230382490194595,0.02056679081820994,0.030548301488966118,0.04164092961108641,0.034444268946043285,0.03054979318468895,0.09023349023922242,0.04119476339499044,0.06800984601401397,0.0015117478719605811,0.0019051026574929868,0.031001324780180542,0.0028457646299962277,0.0027191465918756145,0.0009765559646413235,0.009578259448939669,0.004190819218692362,0.001449049629458608,0.004676043260897622,0.006013548991572157,0.04054772979550403,0.002458526966597482,0.057644686215652136,0.0029886777028928983,0.014906367843195139,0.01824326992526967,0.020209214114133612,0.1258760409912724,0.00105575256699484,0.003956775012748559,0.0,0.013284358126593645,0.03291905114924938,0.004695888561271458,0.09679712687338056,0.023049892878496105,0.002165482205853125,0.01727450570664957,0.02107494007930483,0.000784025595872269,0.0020735786959646184,0.006328364653554927,0.0010663526080770846,0.06588668281454373,0.01727450570664957,0.018927720218442037,0.018206933306616234,0.002469222453908664
M_orn,0.010257592410546999,0.010257592410546995,0.009361657871762142,0.020199540184113286,0.13241965550001006,0.008203067243386535,0.01394574453842394,0.03359499610215015,0.08534548595630562,0.018449495548674987,0.022467287315098793,0.008965445374145318,0.015089408202608555,0.0018622697846604561,0.011524422937009445,0.07429696296822468,0.08147249139164438,0.0636721937939264,0.02194983036190858,0.027485766146960272,0.09460080645943209,0.03256996447764923,0.00576025546905625,0.008353014790695308,0.012313121397386289,0.014872219356879157,0.01239913119333161,0.019055581059749874,0.00626310538473283,0.011472037258074393,0.0340082116548135,0.012303570119304412,0.023729914633651723,0.026970488055279143,0.01282466204481354,0.0,0.02243487589912494,0.061282664489237915,0.011093183206133518,0.01678580834404207,0.0026675823520847103,0.009361657871762142,0.13578157800481966,0.017622368674691056,0.002554369597048547,0.1269092760068092,0.023968170281952996,0.022652413606475286,0.00936165787176214,0.010257592410546997,0.014739929081539557,0.00304174946211817
M_asn_L,0.0016243744577753949,0.0016243744577753938,0.0014824957889831222,0.0014811215797741774,0.001887631160503511,0.0014997094375594365,0.00797775933828154,0.09090909090909086,0.04953826756301324,0.0028045034446466037,0.007756740590893407,0.002642698277793674,0.010161114314658992,0.0001347659323412944,0.0003347039712690272,0.0032368570307668033,0.001148589067624996,0.0010226340048915775,0.0003624250165237226,0.0025817162629822566,0.001723965554992025,0.0005377795488512525,0.00041684948515680563,0.0005530614246346746,0.00863867224194123,0.00043193406578494404,0.015007592343341513,0.00054261509335827,0.0011114759679737361,0.0015759299346637067,0.001884071126337376,0.005676023300005443,0.0003918169058613039,0.001141264725058463,0.007566929534336711,0.007327716708521742,0.0,0.0013995896111773053,0.006277209413749761,0.006040437854107918,0.00019304357827734292,0.0014824957889831222,0.021012637788366918,0.00029097205271989216,0.0001848507674224572,0.002447281695687463,0.0003957508671617355,0.030125272107735218,0.0014824957889831222,0.0016243744577753947,0.0015941600303717657,0.00022012074039499054
M_gudac,0.002193717033247032,0.0021937170332470314,0.002002110065698645,0.002854895781247129,0.1289172007266715,0.01351217250103518,0.04632508094676485,0.005488674504700697,0.010130784231443146,0.0038329525106464693,0.004108120431873426,0.005156239411953583,0.0036921167347499792,0.010540211117024254,0.08509455049057126,0.010658594576588097,0.01571659865109043,0.023756775468603306,0.009097651072848826,0.09452434926390528,0.019351063929703448,0.013499428616251672,0.03260231659839472,0.049323041493416514,0.0034709136411071526,0.10981415976733033,0.004285142548538237,0.09408924715381216,0.009255155363076249,0.002248087691356861,0.004286622390241293,0.002788624875372344,0.009835450951375689,0.07506470545769454,0.0031685155668722126,0.047239902236705614,0.0039385155881971525,0.0,0.0033185742153455083,0.07236733721008971,0.015098178501336377,0.002002110065698645,0.018711661510403255,0.007304027380471958,0.014457408698559259,0.12717307194573618,0.009934202080013114,0.008475518534959512,0.002002110065698645,0.0021937170332470314,0.0025211263611653934,0.017215916847118838
M_N1sprm,0.03894082870395697,0.038940828703956966,0.03553959811165973,0.029225556212001694,0.005455735149318236,0.05632440822512225,0.030775108977317972,0.04183123729680881,0.034740037552043065,0.05029414059184835,0.08266161525144923,0.10261866976053176,0.05677789368336901,0.00387671792933105,0.0038614739190053287,0.03468936744885719,0.0030690242243808594,0.002924756690029607,0.0010498994968240628,0.010030658104755317,0.004522952417572067,0.001557879491011867,0.011991219649768634,0.015315661851821833,0.05225941240476969,0.0049832158609928534,0.05782614915414987,0.0059488508579969126,0.039575774760743754,0.03689905513864278,0.03236248627352965,0.12806199182122194,0.0011350441271816844,0.00422021702982195,0.11866009250309757,0.014206538565791486,0.0330595862062775,0.005991787714239154,0.0,0.023331977018312626,0.00555315069558514,0.03553959811165973,0.021565564950137617,0.0008429092655882148,0.005317473841775278,0.007205069395637937,0.0011464402425451826,0.06640335059138743,0.03553959811165973,0.03894082870395697,0.03551035366584633,0.0063320605009796315
M_ala_L,0.0020190225409059525,0.0020190225409059516,0.0018426739599102398,0.001861367200854384,0.0156542312718392,0.0031585535047246862,0.13680116216348512,0.012834321109595613,0.0111740002638722,0.0034858263330163316,0.009112556932773883,0.0035159940844862346,0.011847614695250953,0.0013198604027507327,0.009824556560788764,0.004181471688849336,0.009082713703902394,0.01837663792828286,0.007227465581044685,0.10084289836675711,0.009165520836639431,0.010724378816210156,0.004082508939599399,0.006090712721323615,0.010113218722058443,0.01267854894367896,0.017436363910112176,0.01628075203292523,0.002254654396683713,0.001961667818605105,0.0023834017053464837,0.006672505226532726,0.007813597519042488,0.07167744467318832,0.008858741280200779,0.00903917853453446,0.010106153764402137,0.05146358617286417,0.007422931964640091,0.0,0.0018906155756721133,0.0018426739599102402,0.008085327681805213,0.005802553426061811,0.0018103774539157955,0.02295636565136456,0.007892048504713893,0.03620613036980806,0.0018426739599102398,0.0020190225409059525,0.001990257072414491,0.002155801839894
M_adp,0.0008973325784611924,0.0008973325784611923,0.000818956376709514,0.0006482007084338007,0.0014960976383600443,0.012190965183501995,0.0006476226239014791,0.00024207608509094005,0.0002779553752350719,0.0015251272468470136,0.0005124848586265628,0.0037304356232888314,0.00034856589705542995,0.08553608609750873,0.008278303869106876,0.0006461664439038808,0.0002089817144868486,0.0002936354510914211,0.00011153714061477566,0.0016318454601168134,0.0002669704356409728,0.00016550277776388462,0.03130454509452239,0.05621693107969608,0.0006691718761793498,0.01068311634404009,0.0002890586986536701,0.012510650297495774,0.008274921624720547,0.000846742507575212,0.0006942560461699555,0.0005460248025270772,0.00012058244810919221,0.0008626184142343891,0.0005224195812022785,0.0006770871208047835,0.00018580440447653514,0.004980127999593713,0.0010667789567059052,0.0009085610373092692,0.0,0.000818956376709514,0.00034401331305105166,8.954733633423289e-05,0.11732499105679475,0.002203382637182653,0.00012179323464273069,0.0004696332996351219,0.000818956376709514,0.0008973325784611923,0.0008074001998794874,0.09090909090909072
M_lys_L,0.011301624176155756,0.011301624176155751,0.010314500099909071,0.007946476050001863,0.0007237691561659955,0.006769719686034613,0.0012107802086240825,0.0016737615993652408,0.0015953591342592315,0.03703703686549313,0.004817501243786039,0.007750535411108886,0.0031272618645493038,0.0005241130475328043,0.0004894821135285179,0.006607843373175375,0.0004083618602645315,0.00034341512413508146,0.00012030683226147078,0.0005280328650650611,0.0006216817841565563,0.00017851569607921678,0.0016211534428161511,0.0020672473937068518,0.007685229710954787,0.0006316746080002838,0.002192076368454858,0.0007496951620879874,0.005393388093444636,0.010633984361095654,0.008300749175460417,0.003950740080525059,0.00013006345289086427,0.00028297556241695766,0.0037985926302079713,0.0018056655189078415,0.0013080776391455639,0.0006216674532773906,0.005691604163735271,0.0009552867207543427,0.0007507584322249193,0.0,0.0014480944898056275,9.658804712124067e-05,0.0007188960903254107,0.0009442808849696234,0.00013136932207756722,0.0035451835626367834,0.010314500099909071,0.16666666666666674,0.010075285732772964,0.0008560631819513453
M_acorn,0.003715170524925295,0.003715170524925294,0.0033906743150748106,0.005756320300973269,0.030633290974945705,0.003153279561733456,0.010289794664189025,0.06165751784778947,0.08373576383810086,0.00657581824783962,0.011950126028234784,0.004357662384097039,0.012522146951937572,0.0005290762365534989,0.0028207545767442543,0.02457357966410041,0.018835814610538477,0.014834020326936806,0.005122739679682642,0.008346955674797246,0.02911203498726952,0.0076013093231745935,0.0016365053068756246,0.0023264268230205787,0.010533384046816995,0.0036401719274458616,0.01633544010418116,0.004654283132289761,0.0023770758865483575,0.003936404258235271,0.009137903887105524,0.007841076679928049,0.005538182936676194,0.0069264274118433335,0.009671908174416054,0.06745429898700263,0.04039886918077335,0.01465446212203816,0.008122643940530264,0.009150861466767343,0.0007578679229513763,0.0033906743150748106,0.0,0.004112779262299758,0.0007257038522237275,0.039176669499841714,0.005593787968013217,0.031353201258944426,0.0033906743150748106,0.003715170524925295,0.004666635555249684,0.0008641698652246874
M_2obut,0.00011678388294122179,0.00011678388294122175,0.00010658365931003642,0.00021313015685751367,0.0018163261718993774,0.00014451795661339062,0.0017921182283985426,0.0004102244150878565,0.0009115182332822694,0.00020884700099165713,0.00027881875958202067,0.00012338127293473172,0.0002218576447308843,6.323884807375482e-05,0.00047254615448199145,0.0010061360194411673,0.019970607984387153,0.05087505074957885,0.0802504589724278,0.006925079407440038,0.018475160257163243,0.02601054419402315,0.00019560645666267994,0.00029201348936547385,0.0001851296123383276,0.000609818829181662,0.00022881126185901875,0.0007831120730346611,0.00010562944906813184,0.00012824937042116551,0.00035285111564274457,0.00016381159680675704,0.0555255038616427,0.014405831823154466,0.00018207319478567366,0.004385907459528104,0.0002833078696506385,0.002497283877744031,0.00015828392842752597,0.002771210733422913,9.058563961017908e-05,0.00010658365931003645,0.0018383946466661745,0.0,8.6741161844343e-05,0.002431611859365656,0.090909090909091,0.00044408178460991467,0.00010658365931003642,0.00011678388294122179,0.0001605586862404427,0.00010329157741228172
M_nad,0.0013196067530758526,0.0013196067530758524,0.0012043476458436565,0.0009532363343371597,0.0022001436339317802,0.01792789002095873,0.0009523861672293477,0.0003559942309729407,0.0004087579381744893,0.0022428341859632643,0.000753654083792819,0.005485934696828282,0.0005125968963799236,0.28553608609750825,0.012173976327823605,0.0009502448047466654,0.0003073260301956042,0.00043181684017031403,0.00016402523463202324,0.002399772690294685,0.0003926035634819828,0.00024338639103058088,0.04603609577951855,0.08267195739748744,0.0009840763177133764,0.0157104652713031,0.0004250862553924629,0.018398015144204458,0.01216900244352152,0.0012452095450829917,0.0010209647492309087,0.0008029776610001588,0.00017732707942728053,0.0012685565288920269,0.0007682639856743925,0.0009957163213569315,0.00027324178799867057,0.007323717690845067,0.0015687926205065757,0.0013361192096915811,0.18018378849236705,0.0012043476458436565,0.0005059019638932842,0.00013168728851455167,0.0,0.003240268628153951,0.0001791077163856587,0.0006906372330403103,0.0012043476458436565,0.0013196067530758524,0.0011873532019974716,0.2525252522617607
M_arg_L,0.003351495239970078,0.0033514952399700776,0.003058763799758042,0.0061032374784197015,0.260861851230777,0.006665922939867247,0.01924894566202801,0.010401668224939167,0.02513216893506907,0.005989855652451855,0.007104605344007043,0.004027228371489163,0.005087855098989224,0.0040464112226613926,0.03177554828744258,0.028798493946893537,0.026041005855811893,0.024240990105312613,0.008664414788481518,0.05505113521333797,0.03862775274746878,0.01285657704707368,0.012516104381082714,0.018843322912698787,0.004307035390594604,0.0410062115445403,0.004604912267496305,0.05268662933060966,0.0047296556289608185,0.003678683146467244,0.010099247719937744,0.0040733227610320775,0.009367080429681455,0.032302566514097936,0.004334580333643625,0.09205486374879016,0.007038871938046181,0.11606352877203664,0.003945241119680455,0.028798879049965698,0.00579622563160429,0.003058763799758042,0.052370589571766595,0.006956204617231746,0.00555023264035432,0.0,0.009461128687295628,0.008632145187554036,0.003058763799758042,0.003351495239970078,0.004602058613501718,0.006609230150596142
M_akg,0.00043793974819141175,0.0004379397481914116,0.0003996888078702994,0.000799238295741477,0.0068112232125796986,0.0005419423740162095,0.006720443222226601,0.0015383416679844802,0.0034181934456826517,0.0007831762533286527,0.0010455705539524761,0.0004626797342798842,0.0008319663633893691,0.0002371457666363329,0.0017720481427172135,0.0037730101504133873,0.07488977951627965,0.12718762743857132,0.20062614745468785,0.025969047732003075,0.06928185056523063,0.09753954050345852,0.0007335242778481454,0.001095050583346992,0.0006942361547701763,0.0022868206740764845,0.0008580421645495635,0.002936670274078363,0.00039611050344955887,0.0004809353800075058,0.0013231919203053224,0.000614293637030945,0.20822063924895978,0.054021869353475443,0.0006827746233919014,0.016447152882989223,0.0010624046122530905,0.009364814552842854,0.0005935648358618941,0.01039204034333814,0.0003396960707930782,0.0003996888078702995,0.00689397997231027,0.29006522110899213,0.00032527926083111147,0.009118544561949788,0.0,0.001665306821262624,0.00039968880787029945,0.0004379397481914118,0.0006020953048159271,0.00038734341506957323
M_accoa,0.035192840903690424,0.03519284090369041,0.032118972796918006,0.029845083399730975,0.015965460367769024,0.032754113003747795,0.16033744316306298,0.21774198534834027,0.17548388176436727,0.06060786776582272,0.15425716024011824,0.05885309953110841,0.20471021843133833,0.0027105434588185233,0.005304450483675904,0.053861309802656444,0.009528990754600682,0.010318373391671652,0.0037842770772152333,0.05362043130354608,0.013506132927090499,0.005615249305763946,0.008384082179404983,0.010976707555249907,0.17413323309451237,0.006845371036701363,0.3041678354263503,0.008522410556958421,0.02423699183359098,0.03382870928066712,0.03624466673029563,0.12784394267130963,0.004091173813470803,0.020637012629848513,0.15215466232712463,0.046827734682541824,0.19402471011859942,0.01947217646472886,0.1261376042947109,0.13528790836775217,0.0038826802060327255,0.032118972796918006,0.10914289035233106,0.003038197751464172,0.0037178984520093872,0.021209457503183274,0.004132250432535592,0.0,0.032118972796918006,0.03519284090369042,0.033571375170295036,0.004427282378266067
M_CE2072,0.1666666666666667,0.011301624176155751,0.010314500099909071,0.007946476050001863,0.0007237691561659955,0.006769719686034613,0.0012107802086240825,0.0016737615993652408,0.0015953591342592315,0.037037036865493145,0.004817501243786039,0.007750535411108886,0.0031272618645493038,0.0005241130475328043,0.0004894821135285179,0.006607843373175375,0.0004083618602645315,0.00034341512413508146,0.00012030683226147078,0.0005280328650650611,0.0006216817841565563,0.00017851569607921678,0.0016211534428161511,0.0020672473937068518,0.007685229710954787,0.0006316746080002838,0.002192076368454858,0.0007496951620879874,0.005393388093444636,0.010633984361095654,0.008300749175460417,0.003950740080525059,0.00013006345289086427,0.00028297556241695766,0.0037985926302079713,0.0018056655189078415,0.0013080776391455639,0.0006216674532773906,0.005691604163735271,0.0009552867207543427,0.0007507584322249193,0.010314500099909071,0.0014480944898056275,9.658804712124067e-05,0.0007188960903254107,0.0009442808849696234,0.00013136932207756722,0.0035451835626367834,0.0,0.011301624176155753,0.010075285732772964,0.0008560631819513453
M_CE5588,0.028254060391133366,0.028254060391133356,0.025786250228295178,0.01986619006847609,0.0018094228765743587,0.01692429921389929,0.0030269505358360175,0.00418440396220179,0.003988397814459584,0.04629629646784005,0.012043753042088635,0.01937633855755959,0.007818154617714228,0.0013102826004917365,0.0012237052700045299,0.016519608402629626,0.0010209046606693994,0.0008585378102187189,0.0003007670761702611,0.0013200821778063675,0.0015542044712927722,0.0004462892622465322,0.004052883592335558,0.005168118484330251,0.01921307425283159,0.0015791865071387154,0.0054801909233314836,0.0018742379050000445,0.013483470217219393,0.02658496083733399,0.02075187286742378,0.009876850162080624,0.00032515865569111515,0.0007074388954211063,0.009496481505140915,0.0045141638095651535,0.003270194073138537,0.0015541686202527752,0.014229010384214015,0.0023882167912742235,0.001876896099103477,0.21753465014958506,0.00362023620942392,0.00024147011306468164,0.0017972402452478859,0.002360702200359171,0.00032842330934457784,0.008862958890005941,0.025786250228295175,0.0,0.025188214263419467,0.002140157954900405
M_CE5586,0.038824330043757044,0.03882433004375703,0.03543327491496909,0.14156263443711395,0.0033935027260029874,0.023295690360405717,0.004397030833984587,0.006171860213657824,0.006214410560613722,0.07280377866965092,0.018270579907501396,0.02671681872786101,0.011614413158069005,0.0018117830161607645,0.0017608079903468135,0.03574109442012391,0.0019609796905664624,0.0016181673043020079,0.0005646093490289551,0.0020418433559544072,0.0029987847312343678,0.0008377881143828904,0.0056040930655849,0.007153254307462444,0.02658360631156117,0.0022723153079987927,0.007886570356993135,0.002706736754519306,0.018553538810454802,0.14765081407742567,0.10748399459190366,0.01429701816425281,0.0006103979653483114,0.00117051797477078,0.013738642032030443,0.00864716222426155,0.004799669808808766,0.002563590123242889,0.01992017772856518,0.0035025398354059873,0.002595263379605703,0.03543327491496908,0.006284959533587441,0.0004532952454566177,0.0024851198704302913,0.0044036185001523325,0.0006165265057491128,0.012768688007957999,0.03543327491496909,0.03882433004375704,0.0,0.0029592866579130133
M_atp,0.0033649967739155635,0.003364996773915563,0.0030710860556628595,0.002430752341621402,0.0056103657008361695,0.04571611896203592,0.002428585259321593,0.0009077850049415548,0.0010423322359130315,0.005719227180852588,0.001921818476872732,0.013989134015123868,0.0013071218220166922,0.32076032240320973,0.031043639083148323,0.0024231237418162205,0.00078368158914975,0.0011011329383689486,0.0004182639274397255,0.006119420898836443,0.0010011392819040848,0.0006206357832628198,0.11739204366299215,0.14054232831679805,0.00250939416221984,0.040061685850023364,0.0010839705637306555,0.04691493860832702,0.031030955619887134,0.0031752842272387395,0.0026034599508246666,0.002047592665585655,0.0004521845733634647,0.003234818677746137,0.001959073626199634,0.0025390770223381078,0.0006967661585874593,0.01867547955896552,0.004000420648676449,0.00340710352928321,0.30631244083252523,0.0030710860556628595,0.0012900495381043472,0.00033580212909997323,0.2933124778995334,0.00826268447992922,0.00045672428096560846,0.001761124531975233,0.0030710860556628595,0.003364996773915564,0.0030277506513426916,0.0
